id,team_id,project_id,tenant_id,created_at
fa639f19-cc46-4fb7-9b41-47c3f7889676,d71e6733-57b1-45d8-8ffb-2354668bc478,7ca1b8f3-6085-4467-b19f-dbfc59668bf8,00000000-0000-0000-0000-000000000001,2026-03-20 12:35:33.913022+05:30
31d220b2-8c98-4032-99b3-d231a8f0f2f2,d71e6733-57b1-45d8-8ffb-2354668bc478,6a748f5b-ecff-46d5-8716-934e7a1b2709,00000000-0000-0000-0000-000000000001,2026-03-20 12:35:38.718547+05:30
82690c55-fa38-45ca-af17-bf282970f209,d71e6733-57b1-45d8-8ffb-2354668bc478,7b77dfdf-2799-439f-8349-5d6361e0c185,00000000-0000-0000-0000-000000000001,2026-03-20 12:35:43.528516+05:30
02165d8a-1bea-45ff-9c35-b316201c7592,d71e6733-57b1-45d8-8ffb-2354668bc478,c6228d94-9e77-48c6-984e-22e685e119b7,00000000-0000-0000-0000-000000000001,2026-03-20 12:36:01.203327+05:30
f70149d5-3bd9-4ab7-8765-e0ccedb922cc,fda38dc6-dd06-472a-91a0-22d3c13c338f,0af0f98e-ff38-417e-b96f-dc60e2844c8a,00000000-0000-0000-0000-000000000001,2026-03-20 14:03:59.237398+05:30
0b709dbc-2af3-4eb1-a731-e29aea8dc001,fda38dc6-dd06-472a-91a0-22d3c13c338f,f58757b0-338b-4fdf-9b1d-52cc7a532d10,00000000-0000-0000-0000-000000000001,2026-03-20 14:04:08.952777+05:30
b0a99091-1e85-401c-81cf-4b1cdbdad619,fda38dc6-dd06-472a-91a0-22d3c13c338f,6c3ff7e7-74ef-40b6-8411-60613d0bb6a0,00000000-0000-0000-0000-000000000001,2026-03-20 14:04:19.390720+05:30
6fe0370c-c3cd-4148-a99a-7ed6b01f04f8,fda38dc6-dd06-472a-91a0-22d3c13c338f,cb41d32a-0549-4989-a469-7a98b951b76a,00000000-0000-0000-0000-000000000001,2026-03-20 14:04:28.763429+05:30
ebe213f0-4bee-4858-8679-9e959f1db036,fda38dc6-dd06-472a-91a0-22d3c13c338f,a1eaaeb0-0f6c-4437-b393-9ddfadd416bd,00000000-0000-0000-0000-000000000001,2026-03-20 14:04:44.413210+05:30
ac1de37c-2bed-4112-8d7c-674bc3f5f6bc,fda38dc6-dd06-472a-91a0-22d3c13c338f,450045b3-1d13-440d-aae8-daf045f32f66,00000000-0000-0000-0000-000000000001,2026-03-20 14:04:54.714714+05:30
229b5311-ce51-4e51-9f79-9926d53f89f2,b0ab19eb-19a1-41ae-8fad-17648e7f2f8b,c6228d94-9e77-48c6-984e-22e685e119b7,00000000-0000-0000-0000-000000000001,2026-03-20 14:23:35.797944+05:30
9f10e4b4-cb2b-44e4-8d9d-b99534e763b4,21f875d7-b130-4a0b-85ba-1cf3deae73d5,6a748f5b-ecff-46d5-8716-934e7a1b2709,00000000-0000-0000-0000-000000000001,2026-03-20 14:32:57.838950+05:30
32c0a6e2-eee0-4e7f-957c-66913f6db8fe,26b32555-82c4-4afc-aa54-967a99b49d72,bbf8ed88-f12a-434f-9422-0d4d03bf9fdd,00000000-0000-0000-0000-000000000001,2026-03-20 15:11:18.624699+05:30
b1864aaf-8e03-4ee1-a709-aa7565dc10af,d71e6733-57b1-45d8-8ffb-2354668bc478,e4257421-69ae-4305-b84d-deb04a59524b,00000000-0000-0000-0000-000000000001,2026-03-20 15:12:09.955953+05:30
bf01476e-4225-46d2-83b6-f738c73ced2f,e79bf8d0-e267-4deb-b6e4-07ebc3ec58e8,7b77dfdf-2799-439f-8349-5d6361e0c185,00000000-0000-0000-0000-000000000001,2026-03-20 15:47:04.241969+05:30
73f33c21-7d1f-4648-bb4e-168ee6ea7a9f,e79bf8d0-e267-4deb-b6e4-07ebc3ec58e8,2eecfa64-1d32-4f1a-a86d-bc89210c0739,00000000-0000-0000-0000-000000000001,2026-03-20 15:47:10.696246+05:30
6ebd1b93-2682-4c77-8f43-ba0908ce1e85,d71e6733-57b1-45d8-8ffb-2354668bc478,d3714914-17b4-4ff6-9ec9-1283440fe2ee,00000000-0000-0000-0000-000000000001,2026-03-23 10:33:57.605491+05:30
4f8be906-dadc-4c9a-980d-0a81c87f6f20,425207a2-5dce-4979-b6c3-3db874287ac1,d3714914-17b4-4ff6-9ec9-1283440fe2ee,00000000-0000-0000-0000-000000000001,2026-03-23 10:48:41.777978+05:30
a4991a57-5cdb-4b78-b0b6-391ab7089ec6,d71e6733-57b1-45d8-8ffb-2354668bc478,9bdb9aa2-4609-416e-aa43-2ab4fe7791b8,00000000-0000-0000-0000-000000000001,2026-03-23 12:21:47.307103+05:30
95debdb0-3790-430a-8a31-9822330c032b,62068e77-8ed1-437a-813e-6e9cb5b7d85a,7ca1b8f3-6085-4467-b19f-dbfc59668bf8,00000000-0000-0000-0000-000000000001,2026-03-26 10:35:13.064976+05:30
f7d46dda-be2d-41e1-9dee-2758cf8c50c2,d71e6733-57b1-45d8-8ffb-2354668bc478,52816294-b5df-4dc3-a752-163c5956a80b,00000000-0000-0000-0000-000000000001,2026-03-26 12:52:58.031696+05:30
802e0c14-3778-4144-b658-091985b4ae6f,d71e6733-57b1-45d8-8ffb-2354668bc478,d66a0950-c1e7-4fe3-a1ad-664a93b13d51,00000000-0000-0000-0000-000000000001,2026-03-26 12:52:58.495403+05:30
b1d305cd-474a-407a-b7d7-9145fac59fa4,d71e6733-57b1-45d8-8ffb-2354668bc478,9ed77ef7-8af9-4722-a8e1-6d887c974e2e,00000000-0000-0000-0000-000000000001,2026-03-26 12:52:58.569786+05:30
880f7e92-c770-49f5-a937-c4eb527bdd75,d71e6733-57b1-45d8-8ffb-2354668bc478,6aa5d434-4a42-4954-adad-d85172d0c462,00000000-0000-0000-0000-000000000001,2026-03-26 12:52:58.609155+05:30
e3509725-2e88-43d2-adf7-36c79759c82e,d71e6733-57b1-45d8-8ffb-2354668bc478,450045b3-1d13-440d-aae8-daf045f32f66,00000000-0000-0000-0000-000000000001,2026-03-26 12:52:58.936773+05:30
0e8884c6-bfed-4b53-87c0-2b7199a35a1c,d71e6733-57b1-45d8-8ffb-2354668bc478,a4b3c9dd-4a89-4594-bcfd-b7d796c4643b,00000000-0000-0000-0000-000000000001,2026-03-26 12:52:59.253116+05:30
f2d8dd6a-54bd-46ac-b3e6-5fa88e2c0d08,d71e6733-57b1-45d8-8ffb-2354668bc478,26d66227-44ed-4bc6-a060-032ae75e8018,00000000-0000-0000-0000-000000000001,2026-03-26 12:52:59.569308+05:30
ed5671e8-0da9-427e-a995-cf8b3a178e45,d71e6733-57b1-45d8-8ffb-2354668bc478,7ce93073-a93e-4f38-aee9-f14356ffb1c6,00000000-0000-0000-0000-000000000001,2026-03-26 12:52:59.606799+05:30
fea5cd28-1d0a-473f-bdd7-01b8d8515516,d71e6733-57b1-45d8-8ffb-2354668bc478,2eecfa64-1d32-4f1a-a86d-bc89210c0739,00000000-0000-0000-0000-000000000001,2026-03-26 12:52:59.974928+05:30
1bb3980b-770d-4ad2-a2e1-7438eb74343a,d71e6733-57b1-45d8-8ffb-2354668bc478,2ae63b31-ce60-47c8-8cec-f7ccf2c1fa2f,00000000-0000-0000-0000-000000000001,2026-03-26 12:53:00.366079+05:30
90d2d8d6-158d-4c17-98d0-ecd96349d6f4,d71e6733-57b1-45d8-8ffb-2354668bc478,f58757b0-338b-4fdf-9b1d-52cc7a532d10,00000000-0000-0000-0000-000000000001,2026-03-26 12:53:00.687607+05:30
bffcc85c-532c-4a53-9c34-4fb7dfe10758,d71e6733-57b1-45d8-8ffb-2354668bc478,bdb40299-08e3-4df9-98a1-d4dd3f71d9a7,00000000-0000-0000-0000-000000000001,2026-03-26 12:53:00.724308+05:30
ed100623-3497-43d9-a62f-36a04845e431,d71e6733-57b1-45d8-8ffb-2354668bc478,dff11093-33ed-4c08-8a04-f928908c1219,00000000-0000-0000-0000-000000000001,2026-03-26 12:53:00.904245+05:30
c6157ddc-7ab1-4825-b66a-93b81dd38093,d71e6733-57b1-45d8-8ffb-2354668bc478,128d6ddc-ee75-494f-acbc-1a5593748a4e,00000000-0000-0000-0000-000000000001,2026-03-26 12:53:00.942098+05:30
1b7f2dc6-7e41-4b65-bb68-072cdb107411,d71e6733-57b1-45d8-8ffb-2354668bc478,982cbcf8-2dba-4494-8f15-7ccd0db28ec7,00000000-0000-0000-0000-000000000001,2026-03-26 12:53:01.124812+05:30
26e6f5cf-cd6f-4e37-a30e-b62c012b4662,d71e6733-57b1-45d8-8ffb-2354668bc478,bbf8ed88-f12a-434f-9422-0d4d03bf9fdd,00000000-0000-0000-0000-000000000001,2026-03-26 12:53:01.308182+05:30
b2c76533-bc97-4f17-b240-ff9c891894bd,d71e6733-57b1-45d8-8ffb-2354668bc478,88a967c7-523f-4b9b-be86-0fdf00bbbfab,00000000-0000-0000-0000-000000000001,2026-03-26 12:53:01.630613+05:30
e2771e37-ec3a-4aac-9563-3cc1c0080e08,d71e6733-57b1-45d8-8ffb-2354668bc478,0af0f98e-ff38-417e-b96f-dc60e2844c8a,00000000-0000-0000-0000-000000000001,2026-03-26 12:53:01.809218+05:30
1f133485-d293-4fc5-9e9c-13a4a1d8b478,d71e6733-57b1-45d8-8ffb-2354668bc478,257877d7-4ad9-4c4d-a793-93511fce5cb1,00000000-0000-0000-0000-000000000001,2026-03-26 12:53:01.848212+05:30
16da0ca4-ef24-4011-a3bc-e5a1412d7f12,d71e6733-57b1-45d8-8ffb-2354668bc478,6c3ff7e7-74ef-40b6-8411-60613d0bb6a0,00000000-0000-0000-0000-000000000001,2026-03-26 12:53:02.030267+05:30
5f2a286c-9f93-4192-952a-05937bba0ae4,d71e6733-57b1-45d8-8ffb-2354668bc478,02fe222b-a131-4a8b-a5a4-a1d9c92cbfb5,00000000-0000-0000-0000-000000000001,2026-03-26 12:53:02.211667+05:30
102e5239-9f31-4bed-95d6-6249f6ef3949,d71e6733-57b1-45d8-8ffb-2354668bc478,5bb96447-5e46-4177-8d34-18ddc6dd8faf,00000000-0000-0000-0000-000000000001,2026-03-26 12:53:02.396247+05:30
2387a14f-70b4-45e3-9b22-3c9c8dd8411b,d71e6733-57b1-45d8-8ffb-2354668bc478,cb41d32a-0549-4989-a469-7a98b951b76a,00000000-0000-0000-0000-000000000001,2026-03-26 12:53:02.719586+05:30
fb80c266-2635-49f1-b064-dea7867d2e6e,d71e6733-57b1-45d8-8ffb-2354668bc478,7952a695-c794-4b00-b1b6-a809e4528fb2,00000000-0000-0000-0000-000000000001,2026-03-26 12:53:02.899564+05:30
faa63726-9a3b-4d7d-ba24-f7db04f5c70d,d71e6733-57b1-45d8-8ffb-2354668bc478,a578b5b2-fce1-4187-8570-8115af59a00a,00000000-0000-0000-0000-000000000001,2026-03-26 12:53:02.938023+05:30
e9971b15-0385-4844-b397-d8ddbb248097,d71e6733-57b1-45d8-8ffb-2354668bc478,4505b332-082e-4498-957e-c127048f1e07,00000000-0000-0000-0000-000000000001,2026-03-26 12:53:03.118647+05:30
e43582db-e754-4b83-bb0e-e8a796e0487d,d71e6733-57b1-45d8-8ffb-2354668bc478,2a7872c6-1ad1-4996-9584-51d829820086,00000000-0000-0000-0000-000000000001,2026-03-26 12:53:03.300765+05:30
1db7ecde-7b76-4032-8940-269a6daa5177,d71e6733-57b1-45d8-8ffb-2354668bc478,a1eaaeb0-0f6c-4437-b393-9ddfadd416bd,00000000-0000-0000-0000-000000000001,2026-03-26 12:53:03.483852+05:30
7b84833b-6a8d-4d54-bd32-0e95732b7965,8d6b51d2-55e6-492e-b0b4-8acf147344ae,806a8608-f56f-4e03-a1d7-e5b55c9f3596,00000000-0000-0000-0000-000000000001,2026-03-27 09:42:15.499529+05:30
02ad6dbf-e07a-4b2f-988f-71ba2e5857a6,b3be00d9-ad1c-4c23-aa08-3db3f83b047f,bdb40299-08e3-4df9-98a1-d4dd3f71d9a7,00000000-0000-0000-0000-000000000001,2026-03-30 10:23:09.246125+05:30
39b15449-25bb-4c6d-858e-367291a19834,253e5fd0-ff84-4d26-9726-585d1e97af6a,fa7234d9-1d13-48bd-9cb0-fb57f7399893,00000000-0000-0000-0000-000000000001,2026-03-30 18:07:50.455262+05:30
71a216a5-67e4-4ac2-926c-5838d04261ae,253e5fd0-ff84-4d26-9726-585d1e97af6a,ec16e7c3-1cb1-49f4-9b5f-48764739d2d1,00000000-0000-0000-0000-000000000001,2026-03-30 18:07:50.493535+05:30
191f9303-7a00-403b-b359-44e7fd936d0c,d71e6733-57b1-45d8-8ffb-2354668bc478,b2c92af4-2392-40e2-8604-f929332fdb10,00000000-0000-0000-0000-000000000001,2026-03-31 15:30:43.090252+05:30
6fac2e38-2683-4462-93d3-9fc8952f5787,7d267d96-5152-4327-af73-36522adcc80d,806a8608-f56f-4e03-a1d7-e5b55c9f3596,00000000-0000-0000-0000-000000000001,2026-04-01 14:41:28.193119+05:30
a04a3222-b1ee-4f42-b096-5375cfe1175f,d71e6733-57b1-45d8-8ffb-2354668bc478,fa7234d9-1d13-48bd-9cb0-fb57f7399893,00000000-0000-0000-0000-000000000001,2026-04-02 09:58:42.084226+05:30
ded60985-3cdb-4289-8e9e-a600567a2b81,253e5fd0-ff84-4d26-9726-585d1e97af6a,7ca1b8f3-6085-4467-b19f-dbfc59668bf8,00000000-0000-0000-0000-000000000001,2026-04-02 11:29:24.883266+05:30
5a5789d3-8ef0-45cc-973d-8ebadf42e53f,d71e6733-57b1-45d8-8ffb-2354668bc478,ec16e7c3-1cb1-49f4-9b5f-48764739d2d1,00000000-0000-0000-0000-000000000001,2026-04-02 17:27:04.384365+05:30
a9f49acc-7682-4c6f-a8bb-3582376a057d,e79bf8d0-e267-4deb-b6e4-07ebc3ec58e8,0b04f8ea-72fe-4108-beae-8ea59bed56a6,00000000-0000-0000-0000-000000000001,2026-04-03 14:07:16.320030+05:30
008378e8-5ed6-4cbd-923d-59a2c0994e91,d71e6733-57b1-45d8-8ffb-2354668bc478,b7e0099a-d773-46df-9c9d-947f08543705,00000000-0000-0000-0000-000000000001,2026-04-03 17:39:38.700560+05:30
ca55d05f-b4c2-48d2-b027-c59b6d20ee4f,d71e6733-57b1-45d8-8ffb-2354668bc478,0b04f8ea-72fe-4108-beae-8ea59bed56a6,00000000-0000-0000-0000-000000000001,2026-04-06 12:43:56.037748+05:30
8d4715e4-bf76-430a-bf23-b72f95cfe38a,a8fa9432-24e0-4821-92b1-345e9de52cdf,7ca1b8f3-6085-4467-b19f-dbfc59668bf8,00000000-0000-0000-0000-000000000001,2026-04-06 16:03:09.380770+05:30
78774bbd-611e-41c7-bfd9-b766e1a8bc64,a8fa9432-24e0-4821-92b1-345e9de52cdf,d3714914-17b4-4ff6-9ec9-1283440fe2ee,00000000-0000-0000-0000-000000000001,2026-04-06 16:03:09.419035+05:30
bf4bf4fd-41dc-42e1-ba83-468fa6caa702,a8fa9432-24e0-4821-92b1-345e9de52cdf,806a8608-f56f-4e03-a1d7-e5b55c9f3596,00000000-0000-0000-0000-000000000001,2026-04-06 16:09:01.716017+05:30
a5a843ee-fb37-49e6-ac8d-33dc3e097f97,bec086d2-6c1a-420c-a813-aeb50012f1d3,806a8608-f56f-4e03-a1d7-e5b55c9f3596,00000000-0000-0000-0000-000000000001,2026-04-06 16:56:01.767889+05:30
88e34bc6-7b55-4fdf-8ac6-87eb8fff6af6,bec086d2-6c1a-420c-a813-aeb50012f1d3,d3714914-17b4-4ff6-9ec9-1283440fe2ee,00000000-0000-0000-0000-000000000001,2026-04-06 16:56:01.806844+05:30
58d101af-eae0-4c48-b636-5040861e71bd,a8e0d85c-06a8-41cc-9a18-243a485e42ca,d66a0950-c1e7-4fe3-a1ad-664a93b13d51,00000000-0000-0000-0000-000000000001,2026-04-13 18:49:48.701251+05:30
f426ec5c-888e-4611-a573-3e891d5fe62a,d71e6733-57b1-45d8-8ffb-2354668bc478,806a8608-f56f-4e03-a1d7-e5b55c9f3596,00000000-0000-0000-0000-000000000001,2026-04-15 12:10:13.532041+05:30
c0b5b1a9-e03d-4dea-b6c1-abc1c07763ac,db4557cb-6b9b-427d-be78-74855162ebbe,ddcf3b26-e46a-40db-b7bc-67e5b8c4f228,00000000-0000-0000-0000-000000000001,2026-04-16 14:10:56.010958+05:30
74a2886c-cfec-4e48-90fe-fb8b94c06a9b,db4557cb-6b9b-427d-be78-74855162ebbe,b7e0099a-d773-46df-9c9d-947f08543705,00000000-0000-0000-0000-000000000001,2026-04-16 14:10:56.469612+05:30
9e96e063-df0c-493c-82b2-eec7f25b2738,db4557cb-6b9b-427d-be78-74855162ebbe,0b04f8ea-72fe-4108-beae-8ea59bed56a6,00000000-0000-0000-0000-000000000001,2026-04-16 14:10:56.506275+05:30
c1077824-11c6-4878-ad06-8bfbd20d9f11,db4557cb-6b9b-427d-be78-74855162ebbe,ec16e7c3-1cb1-49f4-9b5f-48764739d2d1,00000000-0000-0000-0000-000000000001,2026-04-16 14:10:56.543638+05:30
ee005e66-d675-4763-8cf9-7470e4cd3bca,db4557cb-6b9b-427d-be78-74855162ebbe,fa7234d9-1d13-48bd-9cb0-fb57f7399893,00000000-0000-0000-0000-000000000001,2026-04-16 14:10:56.581821+05:30
58c2d077-3b8e-4b59-a6d4-42b7893e0acf,db4557cb-6b9b-427d-be78-74855162ebbe,b2c92af4-2392-40e2-8604-f929332fdb10,00000000-0000-0000-0000-000000000001,2026-04-16 14:10:56.619757+05:30
7f7cec13-87d2-43cf-a14a-0884b331688a,db4557cb-6b9b-427d-be78-74855162ebbe,806a8608-f56f-4e03-a1d7-e5b55c9f3596,00000000-0000-0000-0000-000000000001,2026-04-16 14:10:57.087414+05:30
e9ff143a-b736-4fa1-912d-14fc4be74d48,db4557cb-6b9b-427d-be78-74855162ebbe,d66a0950-c1e7-4fe3-a1ad-664a93b13d51,00000000-0000-0000-0000-000000000001,2026-04-16 14:10:57.407906+05:30
ed282cea-6164-4146-801f-52652e690d51,db4557cb-6b9b-427d-be78-74855162ebbe,52816294-b5df-4dc3-a752-163c5956a80b,00000000-0000-0000-0000-000000000001,2026-04-16 14:10:57.584572+05:30
928feb08-00db-473d-a0b0-8687490a7574,db4557cb-6b9b-427d-be78-74855162ebbe,7b77dfdf-2799-439f-8349-5d6361e0c185,00000000-0000-0000-0000-000000000001,2026-04-16 14:10:57.625996+05:30
1f428e09-f350-4083-9579-be29a36dec5a,db4557cb-6b9b-427d-be78-74855162ebbe,6a748f5b-ecff-46d5-8716-934e7a1b2709,00000000-0000-0000-0000-000000000001,2026-04-16 14:10:57.664958+05:30
00d86a28-f749-4ad9-8218-dd5a01bf9e9c,db4557cb-6b9b-427d-be78-74855162ebbe,9ed77ef7-8af9-4722-a8e1-6d887c974e2e,00000000-0000-0000-0000-000000000001,2026-04-16 14:10:57.702004+05:30
d74ff8d1-c9d8-4755-adb0-b1a418e86212,db4557cb-6b9b-427d-be78-74855162ebbe,6aa5d434-4a42-4954-adad-d85172d0c462,00000000-0000-0000-0000-000000000001,2026-04-16 14:10:58.166195+05:30
c74f6655-48e6-426d-a424-15dc994e827e,db4557cb-6b9b-427d-be78-74855162ebbe,a4b3c9dd-4a89-4594-bcfd-b7d796c4643b,00000000-0000-0000-0000-000000000001,2026-04-16 14:10:58.482328+05:30
49863a60-0868-4c42-b759-14cdbcc1b717,db4557cb-6b9b-427d-be78-74855162ebbe,450045b3-1d13-440d-aae8-daf045f32f66,00000000-0000-0000-0000-000000000001,2026-04-16 14:10:58.658404+05:30
11f7e618-dfc4-4923-a87b-536f048f9616,db4557cb-6b9b-427d-be78-74855162ebbe,26d66227-44ed-4bc6-a060-032ae75e8018,00000000-0000-0000-0000-000000000001,2026-04-16 14:10:58.696296+05:30
861afc81-2670-4137-a0d9-b33d8f938e47,db4557cb-6b9b-427d-be78-74855162ebbe,d3714914-17b4-4ff6-9ec9-1283440fe2ee,00000000-0000-0000-0000-000000000001,2026-04-16 14:10:58.735381+05:30
d31ff5df-82f7-486f-ac20-5bd079f2ea6f,db4557cb-6b9b-427d-be78-74855162ebbe,7ce93073-a93e-4f38-aee9-f14356ffb1c6,00000000-0000-0000-0000-000000000001,2026-04-16 14:10:58.773038+05:30
c3a9d964-a932-4c49-98f4-10dd33f721b9,db4557cb-6b9b-427d-be78-74855162ebbe,2eecfa64-1d32-4f1a-a86d-bc89210c0739,00000000-0000-0000-0000-000000000001,2026-04-16 14:10:59.237937+05:30
68cdef81-a984-498a-b0e9-2d9eb42ef3c3,db4557cb-6b9b-427d-be78-74855162ebbe,f58757b0-338b-4fdf-9b1d-52cc7a532d10,00000000-0000-0000-0000-000000000001,2026-04-16 14:10:59.554218+05:30
7a05f7a4-1b1b-4916-a69b-9d253e83bbec,db4557cb-6b9b-427d-be78-74855162ebbe,2ae63b31-ce60-47c8-8cec-f7ccf2c1fa2f,00000000-0000-0000-0000-000000000001,2026-04-16 14:10:59.731127+05:30
9891dbf3-1eab-48e0-94ef-615137807f50,db4557cb-6b9b-427d-be78-74855162ebbe,128d6ddc-ee75-494f-acbc-1a5593748a4e,00000000-0000-0000-0000-000000000001,2026-04-16 14:10:59.769661+05:30
c994ac1e-b0c7-482b-b84e-6239422ee854,db4557cb-6b9b-427d-be78-74855162ebbe,bdb40299-08e3-4df9-98a1-d4dd3f71d9a7,00000000-0000-0000-0000-000000000001,2026-04-16 14:10:59.808128+05:30
37ae5275-fef5-4c24-86fd-1a83b137d939,db4557cb-6b9b-427d-be78-74855162ebbe,dff11093-33ed-4c08-8a04-f928908c1219,00000000-0000-0000-0000-000000000001,2026-04-16 14:10:59.847069+05:30
ed0274b9-2e6b-4ae9-80cb-737e9751e2d6,db4557cb-6b9b-427d-be78-74855162ebbe,bbf8ed88-f12a-434f-9422-0d4d03bf9fdd,00000000-0000-0000-0000-000000000001,2026-04-16 14:11:00.382587+05:30
6ea5ca96-e843-4a92-9fb6-19064fe9fb66,db4557cb-6b9b-427d-be78-74855162ebbe,88a967c7-523f-4b9b-be86-0fdf00bbbfab,00000000-0000-0000-0000-000000000001,2026-04-16 14:11:00.703370+05:30
6695db10-1ef8-4cbf-9526-0e323454ac95,db4557cb-6b9b-427d-be78-74855162ebbe,0af0f98e-ff38-417e-b96f-dc60e2844c8a,00000000-0000-0000-0000-000000000001,2026-04-16 14:11:00.885059+05:30
abb492ac-03e5-41af-8d8e-92cf517bf4a6,db4557cb-6b9b-427d-be78-74855162ebbe,5bb96447-5e46-4177-8d34-18ddc6dd8faf,00000000-0000-0000-0000-000000000001,2026-04-16 14:11:00.925386+05:30
34ee65dd-8f55-46ad-8d80-6798bbd82f26,db4557cb-6b9b-427d-be78-74855162ebbe,6c3ff7e7-74ef-40b6-8411-60613d0bb6a0,00000000-0000-0000-0000-000000000001,2026-04-16 14:11:00.964877+05:30
90480d72-6770-4aa7-8e46-17e9b4b5fb26,db4557cb-6b9b-427d-be78-74855162ebbe,cb41d32a-0549-4989-a469-7a98b951b76a,00000000-0000-0000-0000-000000000001,2026-04-16 14:11:01.003081+05:30
f4a3ce4b-3aae-4198-936b-0d017dc07a1f,db4557cb-6b9b-427d-be78-74855162ebbe,7952a695-c794-4b00-b1b6-a809e4528fb2,00000000-0000-0000-0000-000000000001,2026-04-16 14:11:01.478978+05:30
cddb7434-5980-4046-bc70-47163d70d5c9,db4557cb-6b9b-427d-be78-74855162ebbe,a578b5b2-fce1-4187-8570-8115af59a00a,00000000-0000-0000-0000-000000000001,2026-04-16 14:11:01.806739+05:30
c6ca17c4-6ff2-414f-9f4d-34be15a76772,db4557cb-6b9b-427d-be78-74855162ebbe,4505b332-082e-4498-957e-c127048f1e07,00000000-0000-0000-0000-000000000001,2026-04-16 14:11:01.991235+05:30
8e70efab-b508-4d1e-8a5f-c5599bae16f0,db4557cb-6b9b-427d-be78-74855162ebbe,7ca1b8f3-6085-4467-b19f-dbfc59668bf8,00000000-0000-0000-0000-000000000001,2026-04-16 14:11:02.031947+05:30
b5b7bf02-78be-4cf9-a5b9-31d64cf6b179,db4557cb-6b9b-427d-be78-74855162ebbe,2a7872c6-1ad1-4996-9584-51d829820086,00000000-0000-0000-0000-000000000001,2026-04-16 14:11:02.070095+05:30
7b7f4851-454c-433e-8806-6d3f23065bbd,db4557cb-6b9b-427d-be78-74855162ebbe,a1eaaeb0-0f6c-4437-b393-9ddfadd416bd,00000000-0000-0000-0000-000000000001,2026-04-16 14:11:02.108377+05:30
cfd7b1ed-83c9-4920-af49-99764deb9ced,d71e6733-57b1-45d8-8ffb-2354668bc478,ddcf3b26-e46a-40db-b7bc-67e5b8c4f228,00000000-0000-0000-0000-000000000001,2026-04-17 12:14:44.606118+05:30
8d08df71-f121-48e6-9cec-43cfa48590ce,d71e6733-57b1-45d8-8ffb-2354668bc478,53a2f58d-a66a-4e0e-97d5-a9d494d1bdb5,00000000-0000-0000-0000-000000000001,2026-04-24 12:37:34.720651+05:30
30af32b5-85be-4cc8-a103-11a486564c53,767b6d6d-9b13-4aba-8eca-c05dd1d73f3c,6a748f5b-ecff-46d5-8716-934e7a1b2709,00000000-0000-0000-0000-000000000001,2026-04-24 12:42:18.124477+05:30
68cdee57-48ea-4a2b-9470-90f847a9b451,db4557cb-6b9b-427d-be78-74855162ebbe,53a2f58d-a66a-4e0e-97d5-a9d494d1bdb5,00000000-0000-0000-0000-000000000001,2026-05-05 17:03:25.305396+05:30
80028a9a-4965-4238-b687-a21190e32556,fda38dc6-dd06-472a-91a0-22d3c13c338f,53a2f58d-a66a-4e0e-97d5-a9d494d1bdb5,00000000-0000-0000-0000-000000000001,2026-05-05 17:08:29.011961+05:30
bedffc3e-f2c0-45e3-b17a-43738bb26e0c,db4557cb-6b9b-427d-be78-74855162ebbe,5ac91982-4230-4838-9196-771d6e98d926,00000000-0000-0000-0000-000000000001,2026-05-11 10:10:43.868933+05:30
6b1d6c82-c5c0-441a-a3c7-7eb7b8ec8789,d71e6733-57b1-45d8-8ffb-2354668bc478,5ac91982-4230-4838-9196-771d6e98d926,00000000-0000-0000-0000-000000000001,2026-05-11 10:42:38.751880+05:30
28ff791e-7ba4-4794-89e3-fe3aa85e3b8c,fda38dc6-dd06-472a-91a0-22d3c13c338f,5ac91982-4230-4838-9196-771d6e98d926,00000000-0000-0000-0000-000000000001,2026-05-11 10:43:22.669660+05:30
dc0c0645-dbae-4700-b086-b5a864c29eb6,d71e6733-57b1-45d8-8ffb-2354668bc478,8d9f1db0-094d-4ee5-94c7-d76b15dc032d,00000000-0000-0000-0000-000000000001,2026-05-14 14:16:32.128791+05:30
86dde839-92ee-4c14-a439-ee2d84a5fece,db4557cb-6b9b-427d-be78-74855162ebbe,8d9f1db0-094d-4ee5-94c7-d76b15dc032d,00000000-0000-0000-0000-000000000001,2026-05-14 14:33:42.649313+05:30
d7baf298-0405-47c8-ac06-ff5b182726c4,767b6d6d-9b13-4aba-8eca-c05dd1d73f3c,8d9f1db0-094d-4ee5-94c7-d76b15dc032d,00000000-0000-0000-0000-000000000001,2026-05-14 14:37:14.244725+05:30
1888756c-9af1-48b4-9618-7d0bbaa01339,93fe7064-ac06-4263-8280-d006c1766856,5ac91982-4230-4838-9196-771d6e98d926,00000000-0000-0000-0000-000000000001,2026-05-14 16:00:53.476967+05:30
07868c76-98d9-44b4-9687-51d2dd24489c,93fe7064-ac06-4263-8280-d006c1766856,8d9f1db0-094d-4ee5-94c7-d76b15dc032d,00000000-0000-0000-0000-000000000001,2026-05-14 16:01:11.340905+05:30
59f7fb93-751f-4222-9413-435e3a053894,d71e6733-57b1-45d8-8ffb-2354668bc478,8159c52c-1e79-40b9-91cd-38005030735b,00000000-0000-0000-0000-000000000001,2026-05-15 11:13:19.534492+05:30
